{
  "config": "capacity_sweep",
  "cell": 4,
  "latent_dims": [
    16,
    64,
    128,
    256,
    512,
    1024
  ],
  "threshold": 0.75,
  "series": {
    "quadrant/jepa": [
      0.5095833333333334,
      0.5135,
      0.5143333333333334,
      0.53775,
      0.5524166666666667,
      0.5576666666666666
    ],
    "quadrant/jepa_reward": [
      1.0,
      1.0,
      1.0,
      1.0,
      1.0,
      0.9069166666666666
    ],
    "switch_color/jepa": [
      0.5095833333333334,
      0.5135,
      0.515,
      0.5381666666666666,
      0.5514166666666668,
      0.559
    ],
    "switch_color/jepa_reward": [
      1.0,
      1.0,
      1.0,
      1.0,
      1.0,
      0.9321666666666667
    ]
  }
}