{
  "config": "min_reward_signal",
  "env": "quadrant",
  "cell": 4,
  "threshold": 0.75,
  "reward_fractions": [
    0.01,
    0.02,
    0.05,
    0.1,
    0.25,
    0.5,
    1.0
  ],
  "mean_acc": [
    0.7225833333333332,
    0.77325,
    1.0,
    1.0,
    1.0,
    1.0,
    1.0
  ],
  "min_fraction_passing": 0.02
}