{
  "model_type": "jepa",
  "p_repeat": 0.65,
  "seed": 1,
  "linear_probe_acc": 0.595375,
  "linear_probe_std": 0.030997983805402547,
  "nonlinear_probe_acc": 0.928875,
  "nonlinear_probe_std": 0.0643603138587748,
  "effective_rank": 11.357782363891602,
  "centroid_dist_norm": 0.7134979367256165,
  "control_regret": 0.46319999999999995,
  "policy_reward": 0.5368
}